g,z,d
a,-0.8494371724973779,1
b,-1.4241665929995246,0
c,-0.7585323785317355,1
d,0.5575397709792491,0
e,-0.4735069271693472,1
a,0.4524045512899476,0
b,-0.42972877004093857,0
c,-1.0352121037668536,0
d,0.4411850416360682,1
e,-0.6677801338379522,1
a,-0.6204636607003446,1
b,1.8423184012533653,0
c,-0.10869736144708395,0
d,-1.4247332251208216,1
e,0.04505497478369815,0
a,1.9296038828359419,1
b,-0.46579349554909344,0
c,-1.9582254348642807,1
d,-0.5594568093791766,0
e,-0.6040517805437264,1
a,1.2757335072406557,0
b,-2.344786858246052,0
c,-0.20490034317062447,1
d,-0.7777515379022805,0
e,0.8150953359970164,0
a,0.08573642802713145,0
b,1.8754729994086694,1
c,0.21960720281448307,1
d,-0.558694003550649,0
e,1.1463213214616308,0
a,-2.071400055624627,1
b,0.8010566799986961,0
c,-0.49195530379393815,1
d,-1.1496668951081699,1
e,0.8678772963817022,1
a,0.7865758960890062,0
b,1.507568283366977,0
c,1.0151111765998293,0
d,-2.3146356324993076,0
e,-0.16386359052577584,1
a,0.2968403858734991,1
b,-0.9613119272130247,0
c,0.03803729185280179,1
d,0.648617231154151,1
e,0.3833618726797413,1
a,-1.1821874759168436,1
b,-1.3050739908656503,1
c,0.7490325666238582,1
d,1.7776970214293275,1
e,1.0526961001482118,0
a,-0.07206402547908071,0
b,2.6686450059416704,0
c,-0.20063374523410563,0
d,1.1251424089679705,1
e,1.3486283333167108,1
a,-0.6256835637500949,1
b,0.9239082390419588,0
c,0.8408690533502889,0
d,-0.63633368086828,0
e,2.298161857774931,0
a,1.3468353214163582,1
b,-0.9329412814239519,1
c,0.4577087555113244,0
d,-3.021689350806766,0
e,-0.16901177696109634,0
a,-0.07097829688153547,0
b,-1.146046648720903,0
c,0.6083633650683241,1
d,0.08153106430754625,1
e,-0.3796590827945118,1
a,0.3611445381561504,0
b,-1.3141391794826236,1
c,-0.23766238610050686,1
d,0.4924255083847812,1
e,-1.022609547789808,0
a,-1.2140911660336609,1
b,-0.6544433238570857,0
c,1.8583004022106728,1
d,0.0775121618350714,1
e,2.5508596876763,0
a,-1.1913694143058489,1
b,0.21389906669732714,1
c,0.8242697491497907,1
d,-0.8217949551934404,0
e,-1.3488113636280106,0
a,-1.691191330260524,1
b,-0.7918382460344764,1
c,-0.5202375649583343,1
d,-0.31628409209736824,1
e,0.8510947511829218,1
a,-0.342946313828922,0
b,-2.0794647477603085,0
c,-0.2662085382712189,0
d,1.2752178470425195,0
e,0.28965101102995616,0
a,-0.3734240607470985,0
b,-0.7746768842978011,1
c,0.038923869677216054,0
d,0.22582965138569613,1
e,1.4249567586151268,1
a,0.0676450416513163,0
b,-0.5684511474706332,0
c,-0.07262521910851587,1
d,0.5380755691261212,1
e,0.4053375087862237,1
a,-0.5733364395142375,0
b,0.28090886278277805,0
c,-0.6193776159715856,1
d,-0.0842355677798347,0
e,0.4585573437588251,1
a,0.6515513607964888,1
b,-0.03744078331433518,1
c,-0.6293633215157498,0
d,-0.16971952823965133,1
e,-1.173785218064541,0
a,1.470492685744033,0
b,-0.059807132413796454,0
c,-0.7930854185031191,1
d,1.8493642984931289,0
e,0.579765438585302,1
a,-0.9389629668766726,0
b,-0.5640095274452416,0
c,-0.6476209306182734,0
d,-0.7279360026049233,0
e,1.3039013156955341,1
a,0.6906565126520766,1
b,-1.3702562759336605,0
c,-0.5758533031849724,1
d,0.3235318273980924,0
e,1.0182647715590598,0
a,-1.8121759352154656,0
b,-0.7928028877499845,1
c,0.9558085189665959,0
d,-0.04333566107955003,0
e,1.231549066211158,0
a,0.537326049224645,0
b,0.10127697647955979,1
c,0.10387058105711847,0
d,0.434317705086851,0
e,-1.6854530428688106,1
a,0.0741332785801699,1
b,0.2295871576226693,0
c,-0.6800014646273418,0
d,0.17704054764036434,0
e,-1.58172157699974,0
a,-1.4717052989953943,0
b,2.1801213735415317,0
c,0.059067027499096474,1
d,-2.0035096582617014,1
e,0.8333050817790677,1
a,-0.5116001600980915,1
b,0.48207121525470875,1
c,-1.6310967527547542,0
d,-1.18454929235221,0
e,-0.5485585890142556,1
a,-1.118858656712143,0
b,1.4729701659135301,1
c,-1.6202022590004044,0
d,-0.08633883365390929,0
e,-1.015027173515995,1
a,-0.7223560622576121,0
b,0.7288773644051657,1
c,-0.05155059915227236,0
d,-1.752315465077751,0
e,-1.2394451265808293,0
a,-0.8613980668065622,1
b,-0.2930065353925927,1
c,-0.12016786528183268,1
d,-0.6686349783930513,0
e,0.4341496526627142,0
a,-1.7404182161042887,1
b,0.15355653570096794,1
c,-0.13155763760422867,1
d,0.13934052469906089,0
e,-1.1660539960052123,0
a,-0.5251366240136046,0
b,-0.584496120730448,0
c,2.3374263256596453,0
d,-0.6879441822359668,1
e,0.3336503506735127,0
a,0.43047174414361006,1
b,-0.275550151271199,1
c,-0.15589281327032345,1
d,-0.3065711177887612,0
e,0.09638670048270566,0
a,-0.6519262023260256,1
b,0.27119757587050763,1
c,-1.05045229472024,0
d,-0.9842538757517751,1
e,2.0286058959622686,1
a,-0.32623053123184514,1
b,-1.2122022766303044,0
c,0.3374155853264629,1
d,-2.7893945138874017,0
e,-0.32423108114521204,1
a,-0.7307893875749871,0
b,-0.6609487268768709,1
c,-0.742165747827043,1
d,-1.3031403488161222,1
e,0.32804243036246694,1
a,-0.6168893993870626,1
b,0.20778380929982007,0
c,1.081259246396168,1
d,0.939936153366319,1
e,1.117226727886365,0
a,0.7728622208433369,1
b,0.37387126940522813,0
c,-1.276935121308733,1
d,0.8302330916889,0
e,0.39852670011569774,0
a,-0.5414726131277311,1
b,-0.8306050982476556,0
c,-0.8386009647934802,1
d,0.7566328099961712,0
e,-0.3480941896349003,0
a,0.00880604704223706,0
b,-0.2811906741545768,1
c,-0.4510442900181631,1
d,-0.5657774919032171,0
e,1.4458996408574472,1
a,0.4708359064017494,1
b,2.335169194393176,1
c,-0.20146517735266467,0
d,0.10358972670894992,0
e,0.7472279138287458,0
a,-0.17034243267726515,0
b,-0.26689814896357866,0
c,0.07674273776796117,0
d,0.17700826231807412,0
e,0.05689890002847528,1
a,-0.45187041556582475,1
b,-1.180687802290017,1
c,1.6960343493396988,1
d,-0.308140683975484,1
e,0.24796778958564628,0
a,0.7459446021835975,0
b,-1.6507319235850573,0
c,0.7883122090351179,0
d,-0.9321325557600791,0
e,0.21939019233608922,1
a,-0.11477854342993263,1
b,0.7074725798083372,1
c,-1.4387577252269907,1
d,-0.5408214743131335,0
e,-0.6432251073574587,0
a,0.9511743197847812,1
b,-1.5503957018600496,0
c,-2.1103804526068073,1
d,-0.21435275426439848,0
e,0.8249936113802128,0
a,0.516536141322044,1
b,-0.6376287194698435,1
c,0.42922024859823127,0
d,0.5106716038389552,0
e,1.5778092012325147,1
a,0.7913474556741507,0
b,-0.306460104712522,0
c,0.9165404820014107,0
d,-1.8224873122634744,0
e,1.7513693820078011,0
a,-0.052205810495848486,1
b,-0.3082048595537084,1
c,-0.027194132414754216,0
d,-0.9329076349339043,1
e,1.5830825493058065,0
a,1.4196692723521747,0
b,1.3175350360630704,0
c,0.28281076230483354,1
d,-0.6502057094978925,1
e,-0.13181297847593965,0
a,-0.8292054608019243,0
b,-0.2566297663399004,0
c,0.7959362390444095,0
d,0.462678569151549,0
e,0.852746496457453,0
a,0.7184386541091909,0
b,1.0448928222827085,0
c,-1.8751666986194302,0
d,-1.430488212247027,0
e,-0.22126503941386233,1
a,-1.6600270344584307,0
b,-1.7226920287797767,1
c,0.8059353184677037,1
d,-0.3991253600201123,1
e,-0.5373236486593451,1
a,0.5660869571730729,0
b,-0.2965349608603221,0
c,-0.5680357392664945,1
d,1.2755935363822706,1
e,0.8084279649830387,0
a,-1.0046434746871886,0
b,-0.5812294589321253,0
c,0.22409128055240513,1
d,-1.412999629320011,1
e,-0.17999579317656753,1
a,0.5398054913572323,1
b,0.6579876316309761,0
c,0.6322264983734941,0
d,-0.04583507049255275,1
e,-0.542384055919635,1
a,0.908282394587553,1
b,0.8122171819996044,1
c,0.6753406141094536,0
d,-0.4673965739714421,1
e,-0.2972733220914396,0
a,0.35686919606900375,1
b,-0.12009790327211455,1
c,0.2667348559022962,0
d,-0.11404363710068234,0
e,-0.6833435058851429,1
a,1.2016823839198336,1
b,-0.14055772879457715,0
c,-0.07329840396242579,0
d,-1.1474799097209858,1
e,-0.5007717852212707,0
a,-2.077056176425004,0
b,-2.157663320619741,0
c,1.002908682461437,1
d,-0.6643190747886447,0
e,0.3530542168747392,1
a,1.286120873779174,1
b,-1.110619397030139,0
c,-1.3360830593202948,0
d,-0.20423653233595382,1
e,-0.15898126283497713,1
a,0.02581221218832717,0
b,1.0782281304104508,1
c,-0.3476847962188592,0
d,-0.2989053539067319,0
e,0.09776333834384186,0
a,-0.41496356919081284,1
b,0.7791578497332435,0
c,2.164447146406495,1
d,0.31085799819023324,1
e,-0.14716324402494876,0
a,0.22859153695014922,1
b,0.3484902994662716,1
c,1.9994802813050747,0
d,1.2570297471686036,0
e,-1.0126218044603355,1
a,0.16441161857769615,1
b,-0.31216267214642685,1
c,0.3487007733338871,1
d,0.10238855631454716,0
e,-1.240797996929463,0
a,-0.8192920389216795,0
b,-0.6798560902702729,1
c,0.7331076289276389,0
d,-3.1546162343608017,0
e,2.0013254590316163,0
a,1.3981641301859125,0
b,-0.6330356896440692,1
c,-0.62666697286746,1
d,0.9996165462715717,1
e,-0.01862420815401894,1
a,0.12290204196387279,0
b,-0.3785567382105143,1
c,-0.34859101912674384,1
d,0.4382144168151732,1
e,1.3697123673544638,0
a,0.7751599138550632,0
b,-0.36368671370235,0
c,-0.21566872794534847,0
d,-0.7883867847349189,0
e,0.3684274179535986,0
a,-0.057033909042558235,1
b,-0.497322414614293,1
c,0.7407791889580199,0
d,-0.04748669768960799,0
e,-0.6570707218157381,1
a,-0.17909399503602116,0
b,-1.3243955785383716,1
c,0.14138775181326868,1
d,0.6874030515235512,1
e,-0.7570448844777237,1
a,-2.13898855832564,1
b,1.7651915903290327,1
c,1.3238867089780049,1
d,0.7229931362232895,0
e,-1.272970320172349,1
a,0.26455560423765084,1
b,0.5969087033558114,1
c,0.9643160791486555,0
d,-0.6223886449040004,1
e,-2.4258491622091314,0
a,-0.2625402115097183,0
b,-0.10102341116887477,0
c,1.2170154001166062,0
d,0.019458947472397608,1
e,1.145579977396152,0
a,-1.6126720141828885,1
b,1.3255352277193102,0
c,-0.3461890070106833,0
d,-0.47393646131309985,0
e,-1.299560082382892,1
a,0.5884234595886529,0
b,1.2675865083286715,0
c,0.8293285575569673,1
d,0.6002033915883421,1
e,-1.4398925180953845,1
a,0.515662312355426,0
b,-1.9305381847549496,1
c,1.2031332950482592,1
d,0.48338396358100466,0
e,0.9481706168069023,1
a,0.9555382952681185,1
b,1.309054332004258,1
c,-0.054783311258956364,0
d,-0.24452353862442844,1
e,-1.262692765609123,0
a,-3.117516401379637,1
b,0.778495962472994,1
c,1.3189984580699168,0
d,-0.9801483188788701,1
e,-2.413130264042624,0
a,-0.8489692868626167,1
b,-0.2643634211309251,1
c,1.1531665899320687,0
d,-0.13896296211220602,1
e,-0.5395451902314732,0
a,0.373702137679033,1
b,1.8969246215868363,1
c,-0.42298801746567566,0
d,-0.7095188160830748,0
e,0.6274720862094834,0
a,1.1084884330956317,0
b,0.17744182884639872,0
c,1.3227670641834635,0
d,-0.37936621105800633,0
e,0.8755682422620045,1
a,0.5022663028539823,0
b,-0.34271634344373453,0
c,-0.49557433673416884,1
d,-0.6027587782515245,0
e,0.892489061375983,1
a,-0.43597697839872507,0
b,0.44944642047823785,0
c,-0.39294903749892074,1
d,-0.3909785303803468,1
e,0.901064739669355,1
a,-1.3736032816150363,1
b,1.8479802880808078,0
c,0.17296738040056953,0
d,0.48120345702996986,1
e,1.8106685183380096,0
a,-1.3768364889286862,0
b,1.3474288894607787,1
c,-0.3057011247181736,0
d,1.002473249160535,0
e,1.1295681121391299,1
a,-0.6201786105623461,0
b,0.950295155491393,1
c,-1.8643819473936367,1
d,-0.56944446972709994,0
e,0.2988391683401631,0
a,-1.6596999235113281,0
b,0.029724845114634874,0
c,-1.574221388015318,0
d,1.8655688468421334,0
e,0.10643975045325509,1
a,-0.4482870409591775,1
b,-0.2547701139098441,1
c,-0.9514850630990814,1
d,0.6957968881141902,1
e,1.8671736541238164,0
a,-0.22136743990526297,0
b,-0.6638650648809293,1
c,1.0297111217326869,1
d,-0.10276820558488332,1
e,0.36233699950114634,1
a,-1.1329420071990415,1
b,-0.9884360300245794,1
c,0.9879091278701833,1
d,-0.899569963927509,1
e,0.4968429405402478,0
a,-0.5642923411550302,0
b,-0.6802023239543683,1
c,1.5537278800578922,1
d,0.37223652434551757,0
e,-0.9098761057096018,0
a,0.6689292081377444,1
b,0.665171519910724,0
c,-0.7396454312635696,1
d,-0.9153753920352049,1
e,0.9438135859473703,1
a,-0.25790864940217395,1
b,0.6641442534024925,1
c,0.3690905142193038,1
d,0.46189016214211903,1
e,0.2947694673908246,0
a,-0.4276900854957615,1
b,0.4482263398614123,0
c,0.9460670979025767,0
d,-0.3244031275337657,1
e,-0.862754916698363,1
a,0.010908642264114754,0
b,0.10177115204413585,0
c,1.0806727729755277,1
d,0.5097461614763634,1
e,0.5588635798818787,1
a,-0.8699461028588764,0
b,-1.1030229109202419,1
c,-0.7150473343636383,1
d,0.19758540513016198,0
e,-0.9370942726642861,0
a,0.9956712095883042,1
b,-1.9598144992328141,0
c,-1.2655912400112386,1
d,0.4103827123467049,0
e,-0.3903022600888919,0
a,-1.5442253252054923,0
b,0.27600710759150776,1
c,0.6482589897746495,1
d,0.2848486776381503,0
e,1.734416396639107,0
a,0.4335732374051427,0
b,1.715087315592854,0
c,0.22565918118280023,1
d,0.23715597268571306,0
e,1.2398516133025468,1
a,0.12773428886740967,0
b,-2.1865350531799175,1
c,-0.39205580521889044,1
d,-1.3292749709881617,0
e,0.41954503583027647,1
a,0.08222834205028458,1
b,-0.2687119990197475,0
c,-0.10172861791088439,1
d,0.019707539420139596,1
e,0.3570505268388379,0
a,-0.5074301135121825,1
b,-0.7785764313703337,1
c,0.8008131944675074,0
d,0.009639789324656783,0
e,-1.2170683202079278,1
a,-0.0013476040066037745,0
b,1.0369009198138999,1
c,-1.532986190273322,0
d,1.618387918664407,0
e,-0.4434451254988847,1
a,-0.7457845319540074,1
b,0.5902674993967958,0
c,-0.2665991849267348,0
d,-0.962716709438589,0
e,0.13472493836990532,0
a,-1.8548343704386758,1
b,0.6920872267308036,1
c,-0.657678221776368,0
d,0.35477832683724464,1
e,-0.8644800174598555,1
a,-0.7500051285340908,0
b,0.6671458681609508,1
c,-0.8912977310076798,1
d,0.7268787464647992,1
e,-0.36129873646734056,0
a,1.388843806342905,0
b,-0.08802789693493847,0
c,-0.23198832582494916,0
d,3.2507872199367434,1
e,-0.2815145085072577,0
a,0.7413867434835512,1
b,-0.0627412843578518,0
c,2.165249335492433,1
d,0.6665285533678927,1
e,1.2374680597366832,1
a,0.38384899366137953,0
b,-0.6457304470452161,1
c,0.9969862679301956,0
d,-1.1138480763987273,0
e,-1.9932861672353264,1
a,-1.1933671463862732,0
b,0.09537379435963232,1
c,0.26984488352759495,1
d,0.24714968062331233,1
e,0.6592594704615766,1
a,0.5052582975418151,0
b,-0.4873406388851711,0
c,-0.3881433713508102,1
d,-0.6120015714315501,1
e,-0.9392661739707242,0
a,1.8629395703663132,0
b,-0.028684587513869833,1
c,0.20900479259550356,0
d,2.1939635805707995,0
e,0.8236602790079148,0
a,0.6553349444492619,0
b,-0.6272201037173359,0
c,-2.1790294598196964,1
d,-1.4661642158512287,1
e,1.2804664953168907,1
a,-0.2123233100034268,0
b,1.5488541741200703,1
c,-1.0964699229171315,0
d,-0.0021480781413664683,0
e,-0.9492244368288418,1
a,-0.18916795366298964,0
b,-0.5325184690832772,1
c,1.3296482626775616,0
d,-2.1283353815483275,0
e,-0.6133046697641791,1
a,-1.3994947520063052,0
b,-0.34279997917513155,0
c,-2.3703760697194074,0
d,-1.3889323468457844,1
e,-1.1119181710355268,0
a,0.5147461502549737,1
b,-1.456007939536034,0
c,0.6212562318438465,1
d,-1.6885396567245943,1
e,-0.48308191824550645,0
a,0.6087947782884077,1
b,-1.315889807908214,1
c,0.483942483653093,0
d,0.37048236988680305,0
e,1.2985254754105264,1
a,-0.4117009438598734,1
b,1.7185368661967133,0
c,-2.015815028919349,1
d,0.7883617246509056,0
e,0.5898230206258103,1
a,-0.588612909205935,0
b,2.1648232983110276,0
c,-0.5003446995803769,1
d,-1.1117575808042055,1
e,-1.183375467736371,0
a,0.4404651234424539,1
b,-1.7725630791201088,0
c,1.5884957855289508,1
d,0.2788822535536097,1
e,-0.5759616709742685,1
a,-0.5979713429396308,1
b,-0.38301821382593043,1
c,-0.8899942732617805,0
d,0.7645192847794028,1
e,-0.654224514812767,0
a,0.9252977078750828,1
b,2.4364304752343617,0
c,0.34930618806183267,1
d,-1.803954784964861,0
e,-0.2539403616148788,1
a,1.038239796381178,0
b,-1.260202179015337,1
c,-1.3782295704112209,0
d,-0.3857555424153665,1
e,-0.13730396931027739,0
a,-1.6974750156728995,0
b,-0.4157089803189814,0
c,2.454956507122533,0
d,-1.1529039475612517,1
e,-1.1716166576227312,0
a,0.5585910667228154,0
b,1.5979671153195651,0
c,1.2592482442466568,0
d,-0.00640318561396568,1
e,1.3528258434455054,1
a,-0.6893414518326495,1
b,-0.3705350919541302,0
c,0.07168079567063346,0
d,-0.8290678789389415,1
e,-1.7863624593136058,0
a,-0.3925223580750243,1
b,0.35720601488746123,1
c,0.7941059369132167,1
d,0.8818823272717478,1
e,0.40602087620171756,0
a,0.9469316930442404,0
b,0.34767270025001507,0
c,-0.299257022958685,0
d,0.004402177533153187,0
e,-1.5962435350102473,0
a,-1.0394811202979166,1
b,-1.2797020133910186,1
c,1.6034706069139002,0
d,-1.3191119195012486,1
e,-1.2944981791439105,1
a,0.6046335400648025,1
b,-0.5835106952575727,0
c,-1.764534093064289,1
d,0.30508596231172447,1
e,-1.2011674682563165,0
a,0.0466230938700994,0
b,-0.06670977091908128,1
c,-0.528329205586718,1
d,-0.22053492592266383,0
e,0.3044509891430987,1
a,0.1949326482151482,1
b,-0.25846750983590494,0
c,-0.07245654064170817,0
d,-2.3202305478105396,1
e,-0.5286003547737228,0
a,1.510362317483509,0
b,-0.39716109472993344,1
c,1.2207169926609167,1
d,-0.838789778235014,1
e,1.00249484018769,0
a,-0.020528853024093175,1
b,-0.7376288616070709,0
c,2.1828148126160847,1
d,-0.9709929809480539,1
e,0.23396351932278636,1
a,-1.5473346229727574,0
b,-0.41165751961254965,0
c,-1.3661972724590188,1
d,-0.015610444829859125,1
e,1.4927573377676264,1
a,-0.36286737886953996,1
b,1.5964592012633312,1
c,1.3193410021548193,0
d,0.0478572738955065,0
e,0.5556449873655319,0
a,0.780674026770195,1
b,1.3245496933665502,1
c,-2.193944754535098,0
d,0.9127859553728201,1
e,0.7000873143534936,1
a,1.2740226772678216,0
b,0.3515958670505621,1
c,1.2260300662280366,1
d,-1.4348594030871042,1
e,-0.01961923511487135,1
a,-0.028355454665881585,0
b,-0.2755705908150948,0
c,-1.5562610726457276,1
d,0.5953902710025656,0
e,2.1581526232318233,1
a,-0.12666727358850158,1
b,-0.9823120465717234,0
c,1.17505473272949,1
d,-0.8198401277660615,0
e,0.26445886228166593,1
a,0.1601773329625554,1
b,1.0853146976417896,1
c,-0.04465586897434981,0
d,-0.35427648223968017,0
e,0.9484407846406071,0
a,-0.6548784294153893,0
b,1.0040371127215106,0
c,0.6426503378512209,1
d,0.09826579313588107,0
e,-0.45104427513113016,1
a,0.6028520529301185,0
b,-0.6939662106802598,0
c,0.5113278026303071,0
d,1.2712295501931572,0
e,-0.692806620545861,0
a,-1.3574997345070778,0
b,-1.2405623729997486,0
c,-0.5298075362347563,1
d,1.7938797184943114,0
e,-0.053070297163436746,0
a,0.13451596698917148,0
b,1.0978355536749949,0
c,2.5943451474473433,0
d,1.480676439310843,1
e,-0.05603795705622929,1
a,0.1556996707626987,1
b,-1.008484962262675,1
c,-0.3111833310465128,0
d,0.07481662645288067,0
e,1.6160434209387458,0
a,-0.4227768815720634,1
b,0.5970616495712382,1
c,-0.06127855840046063,0
d,0.5188785013004558,0
e,-1.3372246643933106,0
a,-0.13625664397297202,1
b,0.05788358002758972,0
c,-0.6334077237094368,0
d,1.6712624809366,1
e,-1.4303416685079164,0
a,1.775535270321179,0
b,-0.2286798934614304,0
c,0.936753148212714,1
d,-0.07363133712722694,0
e,-1.388442145799528,0
a,-0.5400842819905836,0
b,-1.6277333776956002,1
c,0.7517697766487904,1
d,-2.0493842212434688,1
e,-0.6865738548842493,1
a,1.3964811099086807,0
b,1.8518895690554549,1
c,1.5294826762856333,0
d,0.47106294383924063,0
e,-0.6441860244273256,0
a,-2.8226184745206866,0
b,-0.8729601234224003,1
c,-0.5289460844206244,0
d,0.6939225494101432,0
e,-0.9691775640902041,0
a,-0.9387136239395131,1
b,0.3570375499909274,1
c,0.7398609453506407,1
d,-0.4019757560679776,0
e,-0.19071044185591757,0
a,0.6051224853796102,0
b,-1.0022894972298348,0
c,1.5659867954984552,0
d,-0.6134947882543484,1
e,0.8426578881256314,1
a,-0.5715477927638738,1
b,-0.7956300853472288,0
c,-1.394389674626795,0
d,-0.1993649180677617,0
e,0.6104405689042126,1
a,0.9185299423201713,0
b,0.21202905363773789,0
c,0.38104905398073,0
d,-0.290149566348689,0
e,-0.18688641791720442,0
a,0.34715331200388977,1
b,-1.4106041286277775,0
c,-1.3529102962810375,1
d,-1.1504364923904338,1
e,-0.23265017437895535,1
a,0.2539142320548837,0
b,0.6265615085924474,0
c,0.49201166797445633,1
d,-0.46220136538530643,0
e,2.0498744627742016,0
a,-0.3528433318503965,0
b,-0.22467136888863998,0
c,-1.2792490183193332,1
d,1.270790726267188,0
e,-1.3342805051938935,1
a,0.41794245139934033,0
b,0.022948499506735266,0
c,0.12794888917453312,1
d,0.42358670990452874,0
e,-0.24765131788834743,1
a,-0.26272122012276194,0
b,-3.3573277206745202,0
c,-0.2721182772663725,1
d,0.6898356662902643,1
e,0.48757426840632023,0
a,-0.7634411961504916,1
b,-1.2100535234541399,1
c,0.6158580815749558,0
d,0.821226878659416,0
e,0.0701384199138636,0
a,0.7463543370967509,1
b,1.048661678125201,0
c,-0.05891056712627106,1
d,0.9556614416487245,0
e,0.5452772688600498,1
a,-0.47058257736008535,0
b,2.0446060925439578,0
c,-0.21638850042078886,1
d,0.281855091446746,0
e,0.763092309763643,1
a,-2.1424791142110755,1
b,2.0340367502159755,1
c,-0.6240304204019587,1
d,-0.6086487669189672,0
e,0.05656602724537252,1
a,-1.1347213641964315,0
b,0.5156797969112699,0
c,-0.1763697152736214,1
d,-1.0443823790533426,1
e,-0.5164635440184038,1
a,-0.2718951655316117,0
b,-0.3847424574211279,0
c,0.9250362776233423,0
d,-0.25107369003242924,1
e,-0.2318889669224081,0
a,0.04546315825540506,0
b,0.43858561340047886,0
c,-0.8040578496893911,1
d,0.5828287035151868,0
e,-2.014168842006719,1
a,-0.3530562663007818,1
b,-0.12150982546907205,1
c,0.8779796124965924,1
d,0.15312058443084853,1
e,0.097745841095623,0
a,-0.6322440619156873,1
b,0.8931276815877597,1
c,-0.6107201344404696,0
d,-0.2886537070635513,0
e,-0.523445073217235,1
a,0.18124133418906502,1
b,-1.0178601202640711,0
c,1.2866829699238158,0
d,-0.10906418974384628,0
e,-0.8423197883892597,1
a,-0.40000190773416644,1
b,-0.00831028204854414,1
c,0.8577868684308163,1
d,-0.3044159895762943,1
e,0.4548568212839999,1
a,0.9198953429932163,0
b,-1.0926384515633922,1
c,0.18817142016277283,1
d,-1.097992813630209,0
e,-2.7599961495241883,1
a,-0.28554879778772035,0
b,0.8613349608016636,0
c,0.18947008368112722,1
d,0.5305768577184926,1
e,0.5200526091003174,0
a,1.500033602887121,1
b,1.717002208591941,1
c,0.32659604007126525,0
d,0.4303896486946978,0
e,-0.6260117385118338,0
a,-0.5475396748117651,0
b,-0.10574948348932038,0
c,0.6651006524427607,0
d,-0.23559767200113843,0
e,1.2636297087503034,1
a,0.7305845738292198,1
b,-1.0847993019864994,1
c,-0.03341471122043514,1
d,0.8536955081360558,1
e,-0.23483348516840918,1
a,0.2502298899079904,1
b,-0.13800959955485706,1
c,-0.7269723391505679,1
d,-0.008405193648853294,1
e,0.11305924570234224,0
a,0.30104275808203257,0
b,-1.1113941060196488,0
c,-1.3240631312122295,1
d,0.7716464196286263,0
e,0.009444501915378782,0
a,0.2608965492854144,1
b,-2.019763680181277,0
c,2.047264805040902,1
d,2.5428718657338814,1
e,0.5328969411746128,0
a,0.6472240659489739,0
b,1.41081681643289,0
c,-0.27696721517066886,1
d,1.1952421762486203,1
e,0.04803186095074521,0
a,0.4941837343537915,0
b,0.3289815630622161,1
c,-1.1534624616290063,1
d,0.7254267073516901,1
e,-0.32485997085834445,0
a,-1.0480825210030718,1
b,-0.8307740995338949,0
c,-1.1439057864784066,1
d,-0.9308793162371671,0
e,-0.6764186966209459,0
a,0.44258751110201694,0
b,-2.1842985301750852,1
c,0.42121883668684934,1
d,1.5874230881730238,1
e,0.53951436743127,1
a,1.383453493892981,1
b,0.10024490431674715,0
c,1.6689796861062398,0
d,-1.0194293751796644,0
e,-1.5932353583994816,1
a,-0.9428746885815105,0
b,0.18347161458150552,1
c,0.030048598920195454,0
d,0.17029750408825678,0
e,0.09970496452794254,0
a,0.2620020805290425,0
b,-0.06156315872475555,1
c,-0.9648269304684539,0
d,0.6053221056641725,1
e,0.4149316995013291,0
a,0.182577563923396,1
b,-0.10843430184110789,0
c,1.0017418327583631,1
d,0.8596512855173908,0
e,-0.43058838495395063,1
a,1.911667736812293,0
b,-0.7740557761038566,1
c,-0.07736097258236943,1
d,0.3354247012180598,0
e,1.5515964500810744,1
a,-0.24433214056641217,1
b,0.33433115538170516,1
c,-0.29859670771838964,1
d,-0.31384763678997163,0
e,-0.5442055705656885,0
a,-1.1702831097590038,1
b,1.1748368941269722,0
c,-0.06474409210816721,1
d,-0.6449576022533026,0
e,0.830592195798322,1
a,-0.8881644114622327,0
b,0.44406810581930894,0
c,-1.204917617043837,1
d,0.4208134202769663,1
e,0.33720533959901183,1
a,-1.3994292554257879,1
b,-1.485319963421691,1
c,0.7912720863110818,1
d,-0.862722735220059,1
e,-3.27777625176621,0
a,-0.4140920993648167,0
b,-0.7750706785533531,0
c,0.6234566010356227,1
d,0.8849583304990951,0
e,-0.21128090266575406,0
a,0.8993589928281774,1
b,-1.5302414458117843,0
c,-0.9937360469441915,1
d,-0.07803816732061176,0
e,-1.4728260236973456,0
a,1.169768056035927,0
b,0.04149519605030967,0
c,0.9340255373015265,1
d,-0.5485970133680361,0
e,0.43447577750737304,1
a,-1.0795068062804032,0
b,-1.0419860877688003,0
c,1.3980828526520221,1
d,1.5302195913728267,1
e,0.257370107268969,1
a,-0.6690045745994077,0
b,0.2424860398880713,0
c,2.005529936647746,0
d,-0.530757100602879,0
e,0.27362810910498014,0
a,-1.134118376923561,0
b,1.265077551152782,0
c,-0.055205355674987765,0
d,0.8922036333857681,1
e,0.1379131842277573,0
a,-0.9446078466155459,1
b,0.42524772144005124,1
c,-1.3830183984087856,0
d,0.2535635252436564,0
e,-1.2057358285118176,1
a,-1.9263687448493685,0
b,0.5524472615445399,1
c,1.7802069666598879,0
d,0.09344104010929206,1
e,-0.8677493182057089,0
a,-1.022724752201603,1
b,1.0919437781355876,1
c,1.8062275479586416,1
d,-0.5076772268619427,0
e,0.025111465378166133,1
a,0.15133122287748876,1
b,0.17083904134715377,0
c,0.09226709409418686,1
d,-0.10617536061265395,0
e,-0.042569306661764984,1
a,0.12357331444115802,1
b,-2.523239553893407,1
c,-0.5079826250674516,1
d,1.0884736310020118,1
e,-0.14478389300337138,1
a,-0.6521074335475519,0
b,-0.3446052939660394,1
c,1.1746127562922724,0
d,1.0643070020562937,1
e,0.12907855235517707,0
a,1.537936751315024,0
b,0.7880578798392919,1
c,-0.32467804677439605,1
d,0.35731491392831927,0
e,1.3359123872313468,0
a,-0.3859558887862408,1
b,-0.554189067912519,1
c,0.7045741281203803,0
d,0.48692227564174023,0
e,-1.4618335657001498,0
a,0.13003058392029118,0
b,0.5808811922499877,0
c,1.0599824737690535,0
d,-0.5278772443751469,0
e,0.34956983300471933,1
a,1.6158081093948686,1
b,0.5425683093092721,0
c,-0.4207581873837391,0
d,0.7502113091194612,0
e,-0.28777201948082276,0
a,0.12029893210916442,1
b,-1.2166403208204273,1
c,0.6306349737428028,0
d,0.9443911429350904,1
e,2.3481462586703836,0
a,-1.4882747206124196,1
b,0.8938964957962764,1
c,-0.8663281689061891,0
d,0.768800341900777,1
e,-0.34552198332843503,0
a,-1.1717098975278686,1
b,0.671482113590544,1
c,-0.45557548537599707,0
d,-1.2379696849493411,0
e,0.4268543616757735,1
a,-0.0783158036412664,0
b,0.9393507288249869,0
c,1.3768746469857966,1
d,-1.0858769487214188,1
e,0.8556002325363691,1
a,0.6362258687671946,0
b,-0.26028717227171333,1
c,-1.1290846819933926,0
d,0.0643721235436643,0
e,2.5979717542320313,0
a,1.1412973871552694,1
b,-0.4969958184219978,1
c,-1.0359714941983151,0
d,0.9499308584999491,0
e,-0.26047643612564836,1
a,0.937113819617687,0
b,0.7359437726453191,1
c,0.4958583047880864,1
d,0.5145196309887012,1
e,-0.2677111119538744,0
a,1.5401150081872894,0
b,2.121697255588859,0
c,-2.804184040183669,1
d,0.13195323940649303,1
e,-0.9695695281322853,1
a,-1.6100644434147793,1
b,-0.33531181790216086,1
c,-1.0724635981951265,1
d,-0.0343689662538779,1
e,0.3950856394408075,0
a,-0.49644267901049616,0
b,0.22864917281518954,0
c,0.4688828237463384,1
d,-2.354378871884342,1
e,1.9936009695721455,1
a,-0.4000801424140778,0
b,0.3844511179234356,0
c,-0.9153138804910513,0
d,0.37014009393886343,1
e,-0.9986599308772006,1
a,-0.7517005204969078,0
b,0.38240649881140165,0
c,0.3405284195924961,1
d,0.6474085498489829,1
e,-1.7929671066920039,0
a,0.960862074235088,0
b,-0.2972939905590972,1
c,-0.7362928895882429,1
d,1.7394771979525678,0
e,-1.3858184304875885,1
a,-2.09617995510354,1
b,0.7572239439864694,1
c,0.3602856417929484,1
d,1.3392174766293148,0
e,0.014290330964556735,1
a,2.3797139907193965,1
b,-1.1275333153766094,0
c,1.3786809629959318,1
d,0.4604235282419583,1
e,0.3960061240562829,0
a,1.0274056172868447,1
b,1.1459255597358249,0
c,0.5511730382773814,1
d,-0.8268044744383947,1
e,0.21120835680366573,1
a,0.019742158846836465,0
b,1.0226407359625085,0
c,1.3000734740370923,0
d,1.3145494838937444,0
e,-0.5259257187166064,1
a,-0.44448509337195624,1
b,0.8363437572589927,1
c,1.474523353955135,0
d,0.5744519688846041,1
e,-0.5718984071614492,0
a,-0.8848671061383848,1
b,0.7218218341422078,0
c,-1.288586566567033,0
d,0.7398130765064203,1
e,-0.33658625465473446,0
a,0.29067210279495986,0
b,-0.04371309079720771,0
c,0.9740484135625931,0
d,-1.1479574560983319,1
e,1.0304600814958464,0
a,0.7777484648418567,1
b,-0.2086017452634681,0
c,-0.16440576890827843,1
d,-0.2613929987789704,1
e,-0.3804274013048391,1
a,-0.19154763087445184,1
b,-1.4056425119137468,0
c,-0.6903996923388819,1
d,0.9843043455810612,1
e,-0.16848994764479436,0
a,1.7269949029159457,0
b,-1.177635015624079,1
c,-0.6413795253520133,0
d,1.4710614573018423,1
e,-1.1823258509729233,1
a,-1.1079977944721218,0
b,-1.6358543734556714,0
c,-0.8811788187984476,1
d,0.5176265965326314,1
e,0.8786222504027026,0
a,0.38519193662936796,0
b,-1.0985064851606483,1
c,1.5311478606559918,0
d,2.1125760933022657,1
e,0.30820758696944056,0
a,-0.5412622605639693,1
b,0.3747148178193268,0
c,0.5010849318051516,0
d,-0.04224997556152181,1
e,-0.7946361594520688,0
a,-0.7741229152337862,1
b,0.38557905814964905,0
c,-0.26721011021259305,1
d,0.8398269043129052,0
e,1.4605051522655477,1
a,-0.2111062313680687,1
b,0.8501358298847111,1
c,0.7266470704096047,0
d,-1.3723484266837838,0
e,-0.9673066590768223,1
a,0.04259735690386948,1
b,0.29426912764807955,1
c,-1.1470531475986774,0
d,0.5988650352491114,0
e,0.07732935721938644,0
a,-0.35943235873437657,0
b,-0.430205746210945,1
c,0.7327948550273521,0
d,-0.29523784015410565,1
e,0.7937327014181208,0
a,1.6238495698892674,1
b,0.14559071164375628,0
c,-0.006603940043095011,0
d,-1.7036854897147498,1
e,1.1043470772030657,0
a,-1.7985686362435618,1
b,-0.7136234880307202,0
c,0.5994407540762868,1
d,-0.14564780866438756,0
e,-1.0706006344172583,1
a,-0.9685726065490239,1
b,1.3873862801987924,1
c,-0.4403460128253334,0
d,0.2718926582904485,1
e,-0.3254011329945814,1
a,0.45336932701725274,1
b,-1.751170740630869,1
c,3.037799979519924,1
d,0.5178210593232472,0
e,-0.07004926104536165,1
a,0.7878737170515132,0
b,1.609644909245093,0
c,1.665870578182254,0
d,-0.4198529387602904,1
e,1.0515693837452582,0
a,-5.172197414086929e-4,0
b,0.9466459326007942,1
c,1.2421662026217095,0
d,-3.468722609349931,0
e,1.1137339638331694,0
a,0.20816482571228834,1
b,1.2055483570299557,0
c,-1.268154309243999,0
d,-0.3240646569270315,1
e,-0.3271912513393096,1
a,1.2699673157650526,0
b,-0.07439333538769624,0
c,1.2046182484108205,1
d,-1.6343927963539264,0
e,0.8738447589733527,1
a,0.7692648985221717,1
b,0.2688451642670063,1
c,-0.5196298261796716,0
d,0.018097985768056497,1
e,1.0331521105497974,0
a,2.910632344598979,0
b,-0.2152810862446424,0
c,1.0021592718621497,0
d,-0.863581193394928,0
e,-0.2086887452252162,1
a,0.08633571680413216,0
b,-0.689417534720041,0
c,-0.9960596221162743,0
d,0.16433729254230492,1
e,-0.02841119426901226,0
a,-0.2850256760900418,0
b,0.19501716972292793,0
c,-0.8329906991376833,0
d,-0.6030510950599072,1
e,-0.28095884338994587,0
a,0.4280364807186946,1
b,-1.5958823217756388,0
c,-1.9687507655224419,0
d,-1.4493377441256354,1
e,1.9323753481351322,0
a,0.7260280875341748,1
b,-0.343233095248311,0
c,-0.22855569795329048,0
d,1.3804235850966597,1
e,-0.6166097665190756,1
a,-1.1226925920156863,0
b,0.5076957979824623,1
c,-0.8927357557928556,1
d,0.7227801052199379,1
e,0.5547347806223951,0
a,-0.839300665108646,1
b,0.20495589195150812,0
c,0.8748395785316253,0
d,-1.95573196961757,0
e,0.9764516071071211,0
a,1.4112706626688236,0
b,1.1684037851597708,1
c,-1.1688128899226204,1
d,2.154149355407174,1
e,-0.0237293219764025,0
a,-0.43850302442192857,1
b,0.09574254087832153,1
c,0.3595863562495822,1
d,2.804149663123279,1
e,-1.1403418034934527,0
a,0.7305599215186859,0
b,0.25473954054534165,0
c,0.1340520156042892,0
d,1.7333951096839795,0
e,0.09627668836000201,0
a,-2.3198008924065636,0
b,-1.034048837093722,0
c,1.4339557069510371,0
d,-0.2856636627290572,1
e,-0.18618718242184595,1
a,-0.960178633878923,1
b,0.4976530207675979,1
c,1.0682675237019774,0
d,-0.37703423140848913,0
e,-0.7662355182576734,1
a,0.289893412924256,0
b,0.1325845274143656,1
c,0.8541566903892702,0
d,-0.32682871555171555,1
e,0.1552150467528067,0
a,0.5982898878427602,1
b,1.820638318963085,1
c,0.5958138332291459,0
d,-0.553605608166572,0
e,-0.33257377320545595,0
a,-0.3683073926070814,0
b,-0.29179517982577435,0
c,1.085180432840776,0
d,-0.7120414780227002,1
e,0.23669619180744036,0
a,2.53934834364199,0
b,0.4047191883619649,1
c,-0.11770910670604881,1
d,-0.29073478958500987,0
e,1.0314229743841472,0
a,1.0854024740472268,0
b,0.24635131637950541,0
c,-0.026127360116136113,1
d,1.2190956996401958,0
e,0.23930763837372493,0
a,-0.5946110697590116,0
b,0.8793583023036708,1
c,1.178099042063326,1
d,2.3612706029070845,0
e,1.1300084659076692,1
a,0.30048407632275803,1
b,0.058092866531702377,0
c,0.21760813112278185,0
d,-1.1151996250171154,0
e,-0.4092612770193741,0
a,-1.5369138686346262,1
b,-0.04584802204407432,1
c,0.6451174260381082,1
d,-0.07915840866940595,0
e,-0.10531454330988653,0
a,-0.07595091473188446,0
b,0.12145186669261587,1
c,-0.3039797096869698,1
d,-0.6581203903643986,0
e,-0.6966712769944333,0
a,-0.9808451901804202,0
b,-0.5806945673195987,0
c,-0.7897108590402068,1
d,0.9463409402754018,1
e,0.12251031871708906,0
a,-0.42815787867793476,1
b,0.21970359073234347,1
c,2.0877627668997603,0
d,0.2935982875691617,1
e,-1.54733143008105,0
a,0.21897212372946126,1
b,-0.1686476359195828,0
c,-0.44094705204887114,1
d,-0.7624289021446274,0
e,-0.05127024683966223,0
a,1.5649556558875342,1
b,0.9803724788956953,1
c,2.022708559076982,1
d,0.21554793335598568,1
e,1.103515411385311,0
a,-0.055038606686338094,1
b,-1.1166895568814503,0
c,1.4633789492931133,0
d,-0.19448320946993689,0
e,-0.5495284558526664,1
a,0.10853249708477608,0
b,-1.265202015136103,1
c,0.3767902404233014,1
d,0.7548725861275016,1
e,1.8951337349374509,1
a,-1.2249482035064396,1
b,0.41447329776724146,1
c,0.45083847516218845,1
d,0.3006699686425566,1
e,0.4251124659979749,0
a,-1.3906067509500244,1
b,0.48569221495656145,0
c,0.4530090506342152,1
d,0.5344141772650927,1
e,0.60967047892534,0
a,0.4076484588271082,1
b,-0.1937117875072297,0
c,1.4893145765341878,1
d,0.8739398082754477,1
e,0.22808506100723908,0
a,0.5185826544114569,0
b,0.9829049286731963,0
c,-1.438040405895837,1
d,1.871683253772918,1
e,0.5237985130608335,1
a,1.535068740508697,0
b,-0.7757368429827378,0
c,0.9493936229844755,1
d,-0.5029968650460164,1
e,0.17069167122530718,1
a,-1.1610804361465479,0
b,-0.2704636530235751,1
c,1.4503858480677576,0
d,-0.17321312538907632,1
e,-0.984752218667303,1
a,-0.21401927205869353,0
b,-0.4559768656416917,1
c,-0.011746079884496148,1
d,-1.1246977628743828,0
e,-1.7262764818328986,1
a,0.021465472977206124,1
b,0.1072236039760169,0
c,2.0017478330604956,1
d,0.23572537366800803,1
e,-0.7353031898264869,0
a,0.24433059216427475,1
b,1.2668923109576156,0
c,1.5297483010422415,0
d,1.3604118015140105,0
e,-0.5154699051002196,1
a,0.7345965303329932,1
b,0.3667428456463225,0
c,0.38083370391967764,0
d,-1.1165466084604343,1
e,-0.5367907313787869,0
a,1.318811715133453,0
b,-0.3161492352741029,1
c,0.69721165943098,1
d,-0.6203932915847848,0
e,-1.2843264677856046,0
a,0.5346908040471444,0
b,0.25582095137574984,1
c,-0.11135654150706106,0
d,1.471690221195267,0
e,-0.7817692437234807,1
a,0.7326387695981222,1
b,0.15893504450595786,1
c,0.39864537103424413,1
d,-0.17890497594537225,0
e,0.5698897916974112,1
a,0.2196734309128687,1
b,1.1504240345170853,0
c,0.19631662423160068,1
d,0.05728073274535309,0
e,0.45416663510268995,0
a,1.4317763417789178,1
b,-0.4829913357195018,0
c,1.2439574028575038,1
d,1.6028809088755223,0
e,-1.1502845778153206,1
a,-0.16638525569348614,1
b,-0.2836991516689384,1
c,1.066862031140003,1
d,-1.0792490270520336,0
e,0.2022319589454393,0
a,-1.5433670437929494,1
b,1.0854102989886092,0
c,-1.8714724804334102,0
d,-0.5107585935847723,1
e,1.0329828162308492,1
a,-1.5412597188698933,0
b,-1.5188070479422477,1
c,1.4454853789681923,0
d,-0.39560377337060476,1
e,-1.3240437060307362,0
a,0.8085902913959068,1
b,-0.934894507725709,1
c,-1.3452196651735755,1
d,0.28812271337609424,0
e,1.1495558876704524,1
a,-1.81304200551652,1
b,1.8647335384892332,0
c,0.31529398831166,1
d,0.36381076981695043,0
e,-0.06735583395260894,0
a,0.01987398284439943,0
b,1.056262354350861,1
c,-0.22587174855521872,0
d,0.6388789764448021,0
e,1.0045650889677389,1
a,0.12571201276163677,1
b,1.0149387794645643,1
c,-0.10647913649552444,1
d,1.2479774261948737,0
e,0.8906546349905066,0
a,-1.1139605332682168,0
b,0.6436085648329654,1
c,1.5920733263592552,1
d,0.024417823840574438,0
e,-0.3472788821951974,1
a,0.5410695126647413,0
b,-0.22049792805625,0
c,-0.39620096154200357,1
d,0.14369368627336318,0
e,-0.977138967317566,1
a,-0.12458431178699744,1
b,-2.0054296817380894,0
c,-0.6267077904062768,0
d,0.061739213419479584,0
e,0.7813257816311712,0
a,-1.5208855977021782,0
b,0.9425076863811174,0
c,-2.2944973029868954,1
d,0.8413019440742131,0
e,-0.7343008784149041,1
a,-0.8144195034291276,1
b,-0.2916556495169625,1
c,1.6022064881761207,1
d,-0.7333605087261075,1
e,-1.062127287469292,1
a,-1.360753540444422,1
b,0.3286121096406467,0
c,-0.8639227313230672,1
d,-0.09301657101311307,1
e,-1.9126477779664655,0
a,0.5501124325338131,0
b,0.40856684493286827,1
c,1.8394252749046394,1
d,-0.09384514639519054,1
e,0.5378603821605087,0
a,-0.19241917973112316,0
b,-0.6784335086368771,1
c,-0.2494072252999164,0
d,-0.5444422337736529,0
e,1.2993175055028583,1
a,0.8637440474077842,0
b,0.7261764453945125,0
c,1.525367610018593,1
d,0.19713268029483225,0
e,0.09316999769358954,1
a,-0.5827952183589603,0
b,1.9640663471487105,0
c,-1.0348797498419045,0
d,-0.8790840751143661,0
e,1.0428959018804447,0
a,-1.4357441779632094,1
b,-0.3697759277834486,0
c,1.40932220741305,0
d,0.2234509030987554,1
e,0.8802928823622195,0
a,-1.4924715984525747,0
b,-0.13242588436874447,1
c,-1.03946470483563,1
d,0.22296806553233603,0
e,0.7688182625345522,0
a,-0.8966546753944904,0
b,-0.9624138547551048,0
c,-0.21089729963933276,1
d,-2.549311970471966,0
e,0.4071796890546612,1
a,0.17813918400085071,0
b,-1.6288828002636733,1
c,0.7214943923321488,1
d,0.026275240078375745,1
e,0.284990806307253,1
a,-0.800647782472972,0
b,0.5099195505100557,1
c,0.5413471355550987,0
d,-0.6530474772621807,1
e,0.937123720442646,1
a,-0.15177043165534443,0
b,1.0167378523288932,0
c,0.28331978663612994,1
d,1.2912036672776992,0
e,2.0881539863817418,1
a,-1.507364484051456,0
b,-0.3479863052209139,1
c,0.25092991326415404,1
d,0.32620244668024445,1
e,-1.2271490678656518,1
a,-0.9669317349844154,1
b,1.2860021895369258,0
c,-1.7878186176871103,0
d,-2.5345282747598117,0
e,0.6223600935231184,1
a,0.4434480479245687,0
b,-0.91926764653575,0
c,-0.46580667140853554,0
d,-0.6802667866794629,1
e,0.48539491326756845,1
a,-0.16324531638928008,0
b,-1.1807760661280202,1
c,0.4093495338219548,1
d,0.45029399085202615,0
e,1.189485883339428,0
a,0.5058533155799484,1
b,0.004193730339383167,0
c,2.33844472478493,1
d,-0.4976253268570598,1
e,-1.1929359635115888,0
a,-0.44734544868282,0
b,-3.070731583812305,1
c,0.9005008680388876,0
d,0.013543123498371935,0
e,0.12287485437095226,0
a,-1.8680538510408085,1
b,1.5242214490883332,1
c,-1.0644651981368434,0
d,-0.36888351849677903,0
e,0.6593491948684851,1
a,0.8645322703680228,1
b,0.7026541330187853,1
c,-1.0847504352084727,0
d,-0.059192743382360705,0
e,-0.8833240701859433,0
a,-1.3525326066029026,1
b,-0.5815281808612434,0
c,1.6066980840829548,1
d,-1.642488529594434,0
e,-0.9022317344564531,1
a,1.0837553481771058,1
b,-1.4199964632526771,1
c,-1.211624277236559,1
d,0.663965972739396,0
e,0.0976762244946727,1
a,0.5192610358500221,0
b,-0.035383920547377,0
c,-0.6726978405902629,1
d,0.4272672892920172,1
e,-0.9872904196105973,0
a,-0.47115593777376225,0
b,-1.8812932666194233,1
c,0.637749987256272,1
d,1.3146802626296923,0
e,-0.40760193449607346,1
a,-0.7916782689680464,1
b,-0.08742729286124734,1
c,0.4078623817262546,1
d,-0.92268977014678355,0
e,-0.229988389205886,1
a,-0.10029056367879517,1
b,0.8145518052807512,1
c,-0.25618690780726266,0
d,-0.14763220368043367,1
e,-0.396460706357378,0
a,-0.3430582036026385,0
b,1.0259938943367697,0
c,1.2760938604404917,1
d,-1.5200620807833156,0
e,-0.8063959206549349,0
a,-0.576172327944982,0
b,0.527700006295872,0
c,1.939125960320184,1
d,0.31764468542367214,0
e,0.20134907378068875,1
a,-0.41226739302202936,1
b,1.2817246075125934,1
c,0.2149160776258541,0
d,-2.4719277126103547,1
e,0.492733460148497,1
a,-0.7229130966500973,0
b,2.1680936558569224,0
c,0.8934321499088805,0
d,-1.6217184698165503,1
e,0.6883775390154786,1
a,0.13055415328959266,0
b,-0.3730628556163797,0
c,-0.443816068608579,0
d,0.26188051607289975,0
e,-0.5556064647431795,0
a,0.8581144871558817,1
b,-0.9754952959937755,0
c,2.0286427942582117,1
d,-1.789167450073045,0
e,-0.14430719033365097,1
a,0.009032516009208463,0
b,0.7950383457387284,0
c,0.3805271305915072,1
d,1.8064889696934006,1
e,0.26319425255160483,0
a,-0.6766530330401989,1
b,-0.4206954989901069,1
c,-0.8738232124210894,0
d,-0.5334926077690041,1
e,-1.8423579368511345,1
a,-0.8659292529100127,1
b,-1.9845370894438592,0
c,0.5593997063015455,1
d,-0.0842398157602835,1
e,-0.6361558160122093,0
a,0.051527000699862234,1
b,-2.004360907047442,1
c,-0.11657519974532843,1
d,-1.120091576348175,0
e,0.33492788829081604,1
a,1.0339808150102594,1
b,0.6360078061097014,0
c,-0.4784490753851643,1
d,-0.5334846554234138,0
e,-0.2813384514655491,1
a,-1.2987987586012741,1
b,-0.5569898902337402,1
c,1.8576931279873938,0
d,0.2637557681106553,1
e,-0.1183517418227723,1
a,-0.39310249731724084,1
b,1.4977565427977118,1
c,1.4024900827553124,0
d,-0.6069882013368405,0
e,1.9619521407637857,0
a,-1.0927889943477263,0
b,-0.9907175939691399,0
c,-0.7050714754079331,1
d,-0.25553397866104877,1
e,-1.147742479629058,0
a,-0.962303254981134,1
b,0.42331074340724034,1
c,-1.58854484154697,0
d,-1.0669513243271014,0
e,-1.3905434246463135,0
a,-1.6150332891346995,0
b,1.6145149509634265,0
c,-0.35940432685657187,1
d,-0.060273021503717474,1
e,-0.5145856499842587,0
a,-1.177382074015414,0
b,-0.12221191063844628,0
c,-0.5618322802280186,0
d,0.15158442511767645,1
e,-1.6220169900096926,1
a,0.31516930284057326,1
b,-1.5248808875732314,0
c,1.711232718264192,0
d,0.07257466308273036,0
e,0.3028307259404084,1
a,-0.5444523365239067,1
b,0.38059377887732804,0
c,-0.446339514233796,0
d,0.6760032186273233,0
e,-0.8642559279681926,0
a,0.006566936922619449,1
b,1.766457426460384,0
c,-0.9474407011895274,0
d,2.073846259089351,0
e,0.33807998623877167,1
a,-0.6511431587893642,1
b,0.13013874698968222,1
c,0.17181830710413049,0
d,0.5168225961399365,0
e,0.7735712116402463,1
a,-1.0440289115964874,0
b,-0.9128069744198595,1
c,-0.42216934783800975,1
d,0.645539833137486,1
e,1.3274115379660645,0
a,-0.19309529904742237,1
b,-0.9540786611998824,1
c,-0.32667394007115663,0
d,0.19659459277365454,1
e,1.8300861190707147,1
a,-0.4841387694030332,0
b,-0.9476210377790102,1
c,1.0008275464690495,0
d,0.5724138389260017,1
e,-0.9355286812817338,0
a,0.3806748420914979,1
b,1.1446557496089695,1
c,-0.4918017856770322,0
d,-1.6718723157992827,1
e,1.0245659833199028,0
a,0.20968324511656056,0
b,-0.7718283876576976,0
c,0.2868953168231829,0
d,-1.1081664780716647,0
e,-0.5959023221263513,1
a,0.39220256991441926,0
b,-1.2900773330701374,0
c,-0.8254271625691467,1
d,1.5897115849968155,0
e,0.7313732268298754,1
a,0.4070915403117496,1
b,0.014426885410381356,1
c,0.26314181542709025,1
d,1.4192828629334413,0
e,-0.4217306491928519,0
a,0.13277665957600068,0
b,-0.8217389323469609,0
c,1.1330002251717526,0
d,-0.37955141002297993,0
e,-0.06867201482248876,1
a,0.27863147468745025,0
b,2.167801673589455,1
c,1.1949299667821776,1
d,0.04011345105412142,0
e,-0.061178154667706396,0
a,-0.9161515011620407,1
b,-1.210162871136281,0
c,1.019482027845864,0
d,1.0197227708017849,0
e,-1.0973969849862562,1
a,0.09030451109541895,1
b,-0.9061382555203485,0
c,-2.045374629096324,0
d,-1.115851904447709,0
e,-0.8426907942160055,0
a,0.0777909044944051,1
b,-2.116890399408554,1
c,1.1133190619265423,0
d,-0.16881690763426124,1
e,1.7536422807556322,0
a,1.448070666376193,1
b,0.8787813430488502,1
c,0.608624775299056,1
d,-1.1002475201259827,0
e,0.585400223374414,0
a,0.06806616647412442,0
b,0.32294429525767965,1
c,-0.19364099298533663,0
d,1.018965149598388,0
e,-1.4775433281206503,0
a,0.2307982722367849,1
b,-0.3823911737277701,1
c,-1.6577390660275548,1
d,0.31813459129853816,0
e,-0.1158179466390543,1
a,0.04095731157395307,0
b,-0.986306460790211,0
c,1.6117882732553463,1
d,0.2552089086853376,1
e,-0.7895137417448574,0
a,-0.5852722665811465,1
b,-0.567543942905912,0
c,0.29799676005052117,1
d,0.010809543285209866,0
e,-0.5231966477484317,0
a,-0.5141569084333556,1
b,1.0388023909839184,1
c,-0.7508457260090196,1
d,1.9728286592347037,0
e,0.7591028011425067,0
a,-0.7331246573162986,1
b,1.7867119116069747,1
c,1.2990178166160058,1
d,0.10791656002682812,0
e,-0.17145005719554868,1
a,0.005569482466297995,1
b,-0.9256911585671104,0
c,-0.017954075925172917,0
d,1.4948050766157572,0
e,2.127750211651479,0
a,0.35655726538361127,0
b,1.165263565712017,1
c,0.05838989962675233,1
d,-2.1249120671968154,1
e,-0.026291889670902686,1
a,-1.216631344068007,0
b,0.7159024560214089,0
c,-0.2638837725623848,1
d,1.2672753282126676,0
e,-1.2035986404111683,0
a,1.0036366177375704,1
b,-0.6418053686276664,0
c,0.31750179788846855,1
d,-0.7651547918495518,0
e,-0.4653161834109006,1
a,-1.3862284859715537,0
b,0.056700318751239806,1
c,1.1754397808315549,0
d,-0.5917092418676333,1
e,-0.6261796090911428,1
a,-0.32320157547245654,1
b,0.6908178956218338,1
c,1.907546087589927,1
d,-0.6719046691710825,1
e,0.7351771037951813,1
a,0.9138406047250041,1
b,1.9743609195441008,1
c,0.29373117747043304,1
d,-1.3481300060470762,0
e,-0.032004684901651675,0
a,1.267779606660642,1
b,1.0661455978849237,0
c,-0.4983617973811619,0
d,-0.45876272056797485,0
e,0.6290414189574631,0
a,1.0790310564388812,0
b,0.3665993699446344,1
c,0.06763250318985031,1
d,-0.1739398450589166,1
e,-0.8513058212937541,0
a,0.06800479221115321,1
b,-1.224351313974895,1
c,-0.7311789241416666,0
d,-0.7065010952852093,1
e,-1.1115579292554516,0
a,0.8644433735336773,1
b,0.891274540815015,1
c,0.23222634458020178,1
d,0.08818240825453252,0
e,-0.7890543801049573,0
a,0.5563313505749585,0
b,0.7933398520911252,1
c,1.4326880132876514,0
d,-1.7335953017439563,1
e,1.1886021430533917,1
a,-0.8629200203736562,0
b,-0.7962714052646693,0
c,-1.6113820915154835,1
d,-1.348594856842165,0
e,0.28583208383320774,1
a,0.9649766171958782,0
b,2.9085228361541775,0
c,0.9866566831128627,1
d,1.3500872453086257,0
e,0.29889406980551386,0
a,-0.3936883854578195,1
b,0.6276711647930978,1
c,1.7207695663809999,1
d,0.6394480969585485,1
e,0.041161710556052555,1
a,0.8452474894250755,0
b,-0.32305786056241703,1
c,-0.8250737765102418,0
d,-1.3286828596023064,1
e,-1.2077042690870012,1
a,-0.052476432896044756,0
b,-0.7095407574209354,0
c,-0.8481533152367937,1
d,-0.24068410116825092,0
e,1.608641721777219,0
a,0.6401482074458723,1
b,-1.2339908893287894,0
c,0.10690582139781658,1
d,-0.3185941100208383,1
e,-1.3918330720352827,1
a,-0.18036517690097548,1
b,-1.5831844528991286,1
c,-0.5268230479971934,0
d,0.6989498930283216,1
e,-1.8584254613550932,1
a,2.237503589885675,0
b,-1.276752662779515,0
c,-0.3908942657466634,0
d,0.2826765819696476,0
e,1.8646043572155917,1
a,0.6865014125417969,1
b,0.45084348935423657,1
c,-0.5281466260602825,0
d,-1.5147100012641592,1
e,-0.6731123102541701,0
a,-0.2388264058860307,0
b,-1.2077628166776864,1
c,-0.30423294974487614,1
d,2.052132552501633,1
e,2.1101845562424915,0
a,1.8767343542031814,0
b,-1.322505105605298,0
c,-0.4955352393161971,1
d,0.4799938599875917,1
e,-0.72122330649129,1
a,-0.5557059414642158,1
b,-0.43333359512308,1
c,1.0819641159565583,1
d,1.1136893838162591,0
e,1.047105992942551,1
a,-1.7955083904348887,1
b,2.327993697921383,1
c,-0.18218260878667175,0
d,-1.7705534376061967,1
e,2.1690694201663137,1
a,1.5655731580656929,0
b,-1.445532202882132,1
c,1.0030438552556589,1
d,1.1327521395274205,0
e,0.4007931803946517,1
a,-0.22299083464223268,0
b,-0.2849875893982386,0
c,-0.8981476626491428,1
d,-0.19232140903759629,0
e,0.8611850229807748,1
a,-0.6800584020592934,0
b,-0.7833845051597246,0
c,0.8678524958860442,1
d,-0.508977903800062,0
e,0.970365472259053,0
a,2.012989130733518,1
b,0.9152217717106516,1
c,-0.6156476429869281,1
d,-0.8745044430479545,0
e,0.2415262408739426,0
a,1.6011033627836653,1
b,-1.3082510111050172,1
c,-0.3015573990013813,1
d,0.2077384572013382,0
e,0.21627160061696474,0
a,-0.2627936556231454,0
b,-1.0519437137086758,1
c,0.8374342907842636,0
d,0.6895482503847534,1
e,-1.4876178896202763,1
a,2.4694561452651977,1
b,0.6222878328038614,1
c,0.15357144488398372,1
d,-0.18604410534058388,0
e,0.6688398211724165,0
a,1.0872871382255005,1
b,-0.8563403410237036,1
c,0.30341211885421454,0
d,-0.5812214076836991,1
e,-1.0911219708621775,1
a,-2.4378478860702066,1
b,-0.34642162560127926,0
c,0.639072461956642,1
d,-1.4106180687623138,0
e,-0.07178805279927644,1
a,-0.09135545297118201,0
b,-0.15413379757693585,0
c,-0.23158607991812377,1
d,-0.04705606986942574,0
e,0.04125793856378311,0
a,0.5013998946215033,0
b,0.0907588021276423,1
c,1.102999294811372,0
d,0.9404901870255418,1
e,-1.7072819032987971,1
a,-0.7103685453343483,0
b,0.4538745367266824,0
c,0.3744432239544838,0
d,-0.44545893290143135,0
e,0.43674570012132347,0
a,0.2995314002283753,0
b,0.06938645678594602,1
c,-0.48007209932489997,0
d,-0.6932909925518773,1
e,-1.0258962093170931,0
a,-0.09709769835149837,1
b,2.040150100533408,0
c,-0.3312510341329548,0
d,1.220343928258168,0
e,0.2589281723627258,1
a,-0.5405982787051085,0
b,1.043013583116016,1
c,-0.21449279736348636,1
d,0.11234036565455113,1
e,0.0726149176198535,1
a,0.6049646721766064,0
b,-0.047596825518976774,1
c,2.081424210002038,0
d,-0.6876825049311968,1
e,1.366851203699107,0
a,-1.848296640543605,0
b,-0.5421552829320521,1
c,-0.5350372372662546,1
d,-0.08189200677160657,0
e,-1.1959505959477919,1
a,-0.04590253360108608,0
b,-0.79353859488866485,0
c,0.25519400764739497,1
d,0.2635408718236708,1
e,-1.820053101917185,0
a,-0.03784206938554127,1
b,-0.43029956554362486,1
c,1.6439015621077007,0
d,-1.6989293131555354,0
e,0.5336269694854647,0
a,-0.15670066380476447,1
b,-0.02800268037384188,1
c,0.11542903695471209,1
d,0.8813546698997109,0
e,-0.685319691660674,1
a,-0.14450575011982233,1
b,0.7965097673469559,1
c,0.6822196324461098,1
d,-0.3598832049714375,0
e,-2.011101924906881,0
a,0.36951572832161717,1
b,-0.622525376661362,0
c,0.4741836540420706,1
d,-1.0437134265110624,0
e,0.42909060435278634,1
a,-0.4547150957421932,0
b,-0.939140923148234,1
c,-0.723479039954395,1
d,0.3524664869030551,0
e,-0.794366395907993,0
a,0.17486724074036172,1
b,-0.36180674815419167,0
c,1.4784460194566267,0
d,-0.4438576703356555,1
e,-0.516222031342349,0
a,0.5170658543328035,1
b,0.059076734737668335,1
c,1.2972512496163056,0
d,-0.800922120204978,1
e,1.2765252444101238,0
a,-0.6433138937911334,1
b,0.2805714556878344,0
c,-0.39410631013140407,1
d,-0.396364184022464,1
e,-0.04189671998340224,0
a,0.13172197312520867,0
b,0.29616854360456263,0
c,-0.6909568434254714,1
d,-0.21291623680275937,0
e,1.4632734225773636,1
a,0.8805043701538308,1
b,1.699226456005663,1
c,0.19075867702856028,1
d,0.10752543789982641,1
e,-2.286397424195302,1
a,0.960660886179729,1
b,-0.3530075191999109,1
c,2.263800879634966,0
d,-0.7351223629350483,1
e,-0.43639008672471136,0
a,1.7554394008489627,1
b,-1.1815731468988364,1
c,0.9292120272440509,1
d,-1.0531934415810642,1
e,-0.8325340141382953,0
a,-0.7363057761203587,0
b,-0.24908821996725464,0
c,-2.286678669839325,0
d,-0.25026222969288764,0
e,0.8101848389052587,0
a,0.5128203056733814,1
b,1.091885458318661,0
c,1.0821797257131436,1
d,0.5323979680161821,0
e,1.0719267080858632,1
a,0.2314231355518509,1
b,2.2842864020127736,0
c,-0.19118952884347742,1
d,1.4905654402912685,0
e,0.27630816141474707,0
a,-0.6471573865089518,1
b,-1.1273222017220537,1
c,-0.90087664907849,1
d,-0.3082623867351133,0
e,-2.362580492901392,1
a,0.07420363722471868,0
b,0.5798309892808783,1
c,0.13611306064276396,1
d,1.0605691959317902,0
e,0.07944357904166194,0
a,0.26544979342412894,1
b,-0.7181975319445024,1
c,-1.2035513312843886,1
d,0.4280517971586476,1
e,1.515290748218131,1
a,-0.7039285028701893,1
b,0.19403739732477238,0
c,1.0728067389525833,0
d,0.43778275747996775,0
e,0.670736390053774,0
a,0.3780294721592866,1
b,0.08462658539314923,1
c,0.04822292533853054,1
d,0.5627771735738195,1
e,-0.3366950426505765,1
a,2.1429243480585116,0
b,-0.6381162681272573,1
c,1.6042198339416769,1
d,0.8067170181588911,1
e,0.5896604190677817,1
a,0.5620159483222488,1
b,-0.050909172465664045,0
c,1.0141161422240594,0
d,0.05776879895631735,0
e,0.443092471281568,0
a,-1.704346440133375,0
b,0.10927183444463565,0
c,-0.2425592519436704,0
d,-1.6321337824608013,1
e,0.20684914022203282,1
a,1.3586761141540196,0
b,-1.4635661651225715,1
c,-1.07764797444945,0
d,0.7500537956597807,1
e,-0.30965266275562775,0
a,-1.1155493678858828,0
b,0.4117224647020172,0
c,-1.6090329582796112,1
d,1.0531973501332945,0
e,-1.431839141543088,1
a,-0.5680753499789198,1
b,-0.22835026710080092,1
c,0.9009079428362693,0
d,0.4843256673438509,1
e,0.9602958031816952,0
a,-0.2835398613415207,1
b,1.3499639236322103,0
c,-1.9721907113159414,1
d,-0.6863658688642429,0
e,0.8063356665910275,1
a,-0.2740520736700393,0
b,0.0804374122983808,1
c,-1.0197213533888327,0
d,1.6316793135361614,1
e,0.8712876617588277,1
a,-0.038371137635347795,1
b,0.2747789707969082,1
c,0.07067108402952951,1
d,0.7608885243044345,1
e,1.6653385154583433,1
a,0.2891154995298028,1
b,-0.35923067243703893,1
c,0.22016035491801247,0
d,0.11104025034738531,1
e,0.7332337626707962,1
a,-1.1369171612261617,0
b,1.221556880701721,0
c,-0.9292119597776454,1
d,0.5215805760843731,0
e,-0.4011975653087556,0
a,2.197316185107372,1
b,1.2816247356167552,0
c,-1.581929892856251,1
d,-0.5693735921531513,1
e,-0.5278160539053811,1
a,0.013812397769325632,0
b,-0.27599098537522276,0
c,-0.49417839600867797,0
d,-0.8711321307256112,1
e,0.7654003142117545,0
a,0.25746374127950494,0
b,0.9305417093658173,1
c,-0.17703055752524308,1
d,-0.5923159530865727,0
e,0.0692972345777457,1
a,1.446155211934293,1
b,-1.0171326478490443,1
c,1.0878722553401585,0
d,0.6930889154179556,0
e,0.45097454220166866,1
a,-0.4929559275942854,1
b,-1.1220230862322658,0
c,0.3414651033420928,1
d,-1.6344010340644834,0
e,-1.6211012473111244,1
a,1.3360369243536643,1
b,0.47820625429434643,1
c,-0.5288342962415936,1
d,1.1188696121781183,1
e,-0.1340706394443822,1
a,-0.5681899689694009,0
b,0.6558908291860319,0
c,0.20835638938090975,1
d,0.7587624192687409,1
e,1.0875257257634414,0
a,-0.12528392771320213,1
b,0.03034304803729357,1
c,1.4050694462608857,0
d,-0.31524381939416124,1
e,-0.2525883942178502,0
a,2.38714305204634,1
b,-0.24877083849579104,1
c,0.5095131780186941,1
d,-1.1650434571446202,1
e,0.29072805017161246,0
a,-0.49400990580601717,1
b,-1.489896934439042,0
c,-1.1032701007855026,1
d,-1.0953971000771179,0
e,-0.700463133952182,0
a,-0.1033660432178212,1
b,-0.47085305573136954,1
c,0.21738228317042987,0
d,0.8235337240362656,1
e,0.6882331938217865,1
a,-0.7240889781041626,1
b,0.12983899393383835,0
c,-2.2998286858642625,1
d,2.053421998323513,1
e,-0.8365278290498579,1
a,1.5439416288716798,0
b,0.7516674777865829,1
c,-1.6399550329526185,1
d,2.4585805971256294,0
e,1.1593589384393557,0
a,-2.137411352173356,0
b,-0.5574076683161407,0
c,0.9250330712735984,0
d,-1.4195571383162373,1
e,-1.8692569054507229,0
a,3.786566961002582e-4,1
b,-0.8066436105800094,0
c,-0.8175585803840345,1
d,0.8204200586309033,0
e,-1.219549396584496,0
a,-0.13393713291911014,1
b,0.23840890099184667,0
c,0.8989755888932343,1
d,-0.08102547318544663,0
e,-1.323511624346407,0
a,0.9738110234064455,0
b,0.18865227363614742,1
c,0.003117654310972029,1
d,0.25997398831785135,1
e,1.0257402346187325,0
a,-1.8170271879733637,0
b,1.42262306512835,1
c,0.4257056326041329,1
d,-0.08735026843057735,0
e,0.7987750559584332,1
a,-1.6013161788355819,1
b,-0.062278514584706915,1
c,-0.10446130267629251,0
d,1.08374180518102,0
e,-0.2543137923016733,1
a,-0.5007684019934387,1
b,-0.1072217324792377,1
c,0.2580785094929081,1
d,-0.735810761991446,0
e,2.0639844702926236,1
a,1.4869353906046643,0
b,-0.5994940957667569,1
c,-0.6532184118537411,0
d,-1.2923032979064972,1
e,0.20093706140409032,0
a,1.055178937936188,0
b,1.5130537726605693,1
c,-0.5350404827787854,0
d,-0.8052151954374679,1
e,-0.7968321951343219,1
a,-1.5795428962107898,1
b,0.46378341409892715,0
c,-0.3080684641891628,1
d,-0.7837659844766044,1
e,-1.762297514786813,1
a,-0.05274141732235627,1
b,-0.2510834921734849,0
c,-0.5044689349637556,1
d,-1.2646409582973908,1
e,-0.6947553086314009,1
a,-1.152165427477022,0
b,1.0531365892137066,1
c,-0.8884528843076906,1
d,-1.0897713939384233,1
e,-1.0938907363536683,1
a,0.7323320118740231,0
b,0.3297100692402771,1
c,-0.6016796922158608,1
d,0.656469830313902,1
e,1.0298900936085886,1
a,-0.782543366031467,1
b,1.6017860501629315,0
c,-0.6724624139933143,0
d,-3.027786588555567,0
e,-0.9819555976323299,1
a,0.8329651476737195,1
b,-0.38068074860708656,1
c,1.4867404321877,1
d,-0.6906353085022598,1
e,-0.7099791188924929,0
a,0.705299097010652,0
b,-0.6789872527247067,0
c,1.1035186049390462,1
d,-0.950018238831874,0
e,0.12177998620762596,0
a,0.10029006345534723,0
b,1.3781539911054586,0
c,-0.5534784675750114,1
d,-0.878568299073122,0
e,-0.23364018850585516,1
a,1.3798761782377078,0
b,-0.6545960489733038,1
c,1.0379295715453511,0
d,-0.17794311788756856,1
e,0.4695461386595989,1
a,1.191248953938312,0
b,1.6227646972841216,1
c,-0.3809094848499306,1
d,-0.4187330666419347,1
e,0.8298138427814157,1
a,0.12784880819019315,0
b,-0.22882344685461484,1
c,0.5849050122031653,1
d,0.9840864467405165,1
e,1.2159095917041323,1
a,-1.1952332971856134,0
b,-1.3597086123262698,0
c,-0.8634200698422392,1
d,0.40290532684911295,1
e,-1.9574342606789952,0
a,-1.179040396923318,1
b,-0.31843352739949965,0
c,1.122188917363085,0
d,-1.473351888011627,0
e,1.872216694636062,0
a,-0.6850399712855506,1
b,-0.6688752235322524,0
c,1.1776215541107273,1
d,0.1766930823868768,1
e,-0.3449277442655905,0
a,1.032630108720043,1
b,-0.695825932947005,1
c,-0.9443351363021277,1
d,-0.5184864605646995,1
e,-0.37011044101741775,1
a,0.024586477799646223,0
b,-0.5814005563518688,1
c,-0.498541095291945,0
d,0.17965873347219857,1
e,-0.1528775776012659,0
a,-1.5659492611733494,0
b,0.5240096750177728,0
c,-0.2270871627324862,1
d,0.28844871294284474,1
e,-0.10401546950998473,0
a,-0.13363220744566598,1
b,0.6851364137310182,1
c,1.0732158006475097,0
d,-0.4017183255815373,1
e,-1.8766979651462878,0
a,-0.3876227803417506,1
b,0.2039297189292043,1
c,0.8905867714411912,0
d,-0.15826101859257563,1
e,0.09697646664023958,1
a,-0.8921081751128999,1
b,0.2623798232132251,1
c,-0.7542228318180164,0
d,-1.3015723757452167,0
e,1.546042048553372,1
a,0.4470549344729358,1
b,-0.3511405860898009,0
c,1.4628247640906147,0
d,-0.6997155433831436,0
e,-0.8903841486606139,1
a,1.4384421279184259,1
b,-0.38797711491770975,0
c,0.17038385037241996,0
d,-1.1280365204855327,0
e,-1.4483496754326952,1
a,0.4967628791016086,0
b,-0.85212086367893225,0
c,-1.4108804385369333,1
d,0.21773736223012888,1
e,0.03843208939530436,1
a,2.0949223399035395,1
b,-0.21607119141574013,0
c,-0.14545329570473284,1
d,1.6666842464387603,1
e,-1.0439544032347954,1
a,1.1949045591200318,1
b,0.9172951974690444,0
c,-0.3912725382580678,0
d,-0.26457959981426754,0
e,0.5393137317657654,1
a,-0.3226006458706396,1
b,0.05784487024428276,1
c,-0.7072108500954486,0
d,0.8742508811533305,0
e,0.749702820581085,1
a,0.4660383198706743,0
b,1.7169750314715364,0
c,-0.4400968745460071,0
d,0.49007058789747826,1
e,2.3309266228564587,0
a,0.41187988720111435,0
b,0.5180608752949041,0
c,-0.6302908746486602,0
d,0.12947974250838853,1
e,1.7141211792286173,0
a,0.8240210264452011,0
b,0.5667148723635409,1
c,2.7348479482463426,0
d,-0.2562097095028867,1
e,-0.2913605018420888,0
a,0.39054769443328224,0
b,1.5600130212235428,0
c,-1.2035552977951827,1
d,-0.6291245489267939,1
e,1.162148947113251,0
a,0.7342018579979486,0
b,-0.21268847712847447,0
c,0.8216197731969347,1
d,1.3083912024635975,0
e,-0.18449892730962786,1
